"Piezo Voltage (V)";"Fine In 1 (V)";"Fine In 2 (V)";
63.113628;0.403306;0.000498;
63.171284;0.404440;0.000500;
63.228931;0.404476;0.000527;
63.286533;0.403904;0.000519;
63.344181;0.401350;0.000496;
63.401829;0.401699;0.000487;
63.459423;0.406144;0.000506;
63.517071;0.401499;0.000510;
63.574665;0.403945;0.000515;
63.632313;0.403384;0.000521;
63.689968;0.399009;0.000483;
63.747555;0.402436;0.000416;
63.805210;0.398056;-0.010347;
63.862858;0.402932;-0.004328;
63.920460;0.399954;-0.003039;
63.978107;0.403382;-0.001810;
64.035759;0.400758;-0.000774;
64.093353;0.400499;-0.000507;
64.151001;0.398490;-0.000134;
64.208656;0.398230;-0.000074;
64.266243;0.400153;0.000083;
64.323898;0.399043;0.000172;
64.381485;0.401673;0.000255;
64.439140;0.397955;0.000361;
64.496788;0.400205;0.000413;
64.554390;0.396245;0.000501;
64.612038;0.398495;0.000476;
64.669685;0.396111;0.000479;
64.727280;0.399895;0.000496;
64.784927;0.396903;0.000494;
64.842583;0.399846;0.000503;
64.900169;0.395868;0.000488;
64.957825;0.396726;0.000499;
65.015472;0.395219;0.000528;
65.073067;0.397255;0.000536;
65.130722;0.397061;0.000518;
65.188316;0.397810;0.000519;
65.245964;0.396865;0.000503;
65.303612;0.394737;0.000496;
65.361206;0.396067;0.000515;
65.418854;0.393811;0.000519;
65.476509;0.397191;0.000515;
65.534096;0.394799;0.000543;
65.591751;0.398721;0.000504;
65.649399;0.392825;0.000506;
65.706993;0.396950;0.000516;
65.764648;0.391177;0.000487;
65.822296;0.396911;0.000504;
65.879890;0.392778;0.000523;
65.937538;0.398472;0.000513;
65.995132;0.392794;0.000505;
66.052780;0.395907;0.000516;
66.110435;0.392149;0.000513;
66.168022;0.394052;0.000511;
66.225677;0.394002;0.000529;
66.283325;0.394938;0.000531;
66.340927;0.395992;0.000515;
66.398575;0.392123;0.000528;
66.456223;0.395117;0.000524;
66.513817;0.389971;0.000524;
66.571465;0.395701;0.000512;
66.629120;0.391409;0.000525;
66.686707;0.397163;0.000502;
66.744362;0.391045;0.000509;
66.801949;0.394463;0.000513;
66.859604;0.390367;0.000528;
66.917252;0.392210;0.000515;
66.974854;0.392872;0.000510;
67.032501;0.392780;0.000476;
67.090149;0.394488;0.000513;
67.147743;0.389327;0.000406;
67.205391;0.393488;-0.006806;
67.263046;0.387725;-0.002904;
67.320633;0.393880;-0.002069;
67.378288;0.389506;-0.000838;
67.435875;0.394396;-0.000412;
67.493530;0.389462;-0.000118;
67.551178;0.390131;0.000050;
67.608780;0.389775;0.000150;
67.666428;0.388922;0.000243;
67.724075;0.392515;0.000355;
67.781670;0.388513;0.000401;
67.839317;0.393297;0.000481;
67.896973;0.385729;0.000448;
67.954559;0.390617;0.000475;
68.012215;0.386391;0.000490;
68.069862;0.390603;0.000486;
68.127457;0.389222;0.000501;
68.185104;0.389016;0.000498;
68.242706;0.389643;0.000486;
68.300354;0.384443;0.000518;
68.358002;0.389655;0.000513;
68.415596;0.385050;0.000531;
68.473244;0.391313;0.000522;
68.530899;0.385791;0.000499;
68.588486;0.388808;0.000516;
68.646141;0.385957;0.000511;
68.703789;0.385053;0.000534;
68.761383;0.388123;0.000524;
68.819031;0.385420;0.000506;
68.876678;0.390453;0.000502;
68.934280;0.383578;0.000522;
68.991928;0.387868;0.000522;
69.049522;0.383450;0.000516;
69.107170;0.386407;0.000507;
69.164825;0.387008;0.000518;
69.222412;0.385693;0.000519;
69.280067;0.388519;0.000504;
69.337715;0.381828;0.000491;
69.395309;0.387008;0.000497;
69.452957;0.382799;0.000520;
69.510605;0.387382;0.000516;
69.568207;0.385664;0.000500;
69.625854;0.384698;0.000521;
69.683510;0.386289;0.000523;
69.741096;0.381015;0.000520;
69.798752;0.386946;0.000521;
69.856339;0.382840;0.000538;
69.913994;0.387740;0.000518;
69.971642;0.384064;0.000507;
70.029236;0.383057;0.000511;
70.086884;0.385038;0.000485;
70.144531;0.381357;0.000496;
70.202133;0.387406;0.000499;
70.259781;0.382510;0.000469;
70.317436;0.386391;-0.010083;
70.375031;0.382467;-0.003971;
70.432678;0.381644;-0.002145;
70.490273;0.384837;-0.000754;
70.547920;0.381751;-0.000370;
70.605568;0.387259;-0.000098;
70.663162;0.380894;0.000041;
70.720810;0.383899;0.000174;
70.778473;0.381581;0.000271;
70.836060;0.381296;0.000352;
70.893715;0.385134;0.000438;
70.951363;0.380808;0.000474;
71.008957;0.385607;0.000509;
71.066605;0.378961;0.000468;
71.124252;0.381571;0.000487;
71.181847;0.381715;0.000475;
71.239494;0.380830;0.000512;
71.297089;0.384777;0.000499;
71.354736;0.378458;0.000505;
71.412399;0.382668;0.000516;
71.469986;0.378098;0.000500;
71.527641;0.380185;0.000507;
71.585289;0.382165;0.000499;
71.642883;0.379153;0.000535;
71.700531;0.383073;0.000497;
71.758179;0.376163;0.000523;
71.815773;0.379754;0.000515;
71.873421;0.378510;0.000522;
71.931068;0.379208;0.000492;
71.988670;0.381822;0.000516;
72.046326;0.376075;0.000511;
72.103912;0.380215;0.000514;
72.161568;0.375642;0.000533;
72.219215;0.378388;0.000509;
72.276810;0.379587;0.000516;
72.334457;0.376966;0.000512;
72.392105;0.380499;0.000512;
72.449699;0.374100;0.000515;
72.507347;0.377771;0.000503;
72.564995;0.376851;0.000521;
72.622597;0.377205;0.000514;
72.680252;0.379952;0.000511;
72.737900;0.374096;0.000499;
72.795494;0.377872;0.000524;
72.853142;0.374566;0.000528;
72.910736;0.376359;0.000504;
72.968384;0.378586;0.000521;
73.026031;0.374845;0.000516;
73.083626;0.378498;0.000532;
73.141273;0.372805;0.000502;
73.198921;0.375403;0.000486;
73.256523;0.376801;0.000488;
73.314178;0.375019;-0.008488;
73.371826;0.378698;-0.002994;
73.429420;0.372641;-0.002112;
73.487068;0.375137;-0.000741;
73.544716;0.374757;-0.000336;
73.602310;0.374251;-0.000062;
73.659958;0.378291;0.000051;
73.717552;0.372899;0.000200;
73.775200;0.375608;0.000307;
73.832848;0.373414;0.000352;
73.890450;0.372736;0.000502;
73.948105;0.376891;0.000469;
74.005753;0.372889;0.000479;
74.063347;0.376233;0.000485;
74.120995;0.372547;0.000513;
74.178642;0.371491;0.000511;
74.236237;0.375093;0.000518;
74.293884;0.372036;0.000514;
74.351479;0.376131;0.000527;
74.409126;0.372338;0.000521;
74.466774;0.370930;0.000522;
74.524376;0.373492;0.000499;
74.582031;0.370335;0.000515;
74.639679;0.374920;0.000506;
74.697273;0.372089;0.000515;
74.754921;0.371143;0.000500;
74.812569;0.372423;0.000508;
74.870163;0.368501;0.000525;
74.927811;0.373042;0.000523;
74.985458;0.371240;0.000507;
75.043053;0.371247;0.000518;
75.100700;0.371958;0.000528;
75.158302;0.367129;0.000516;
75.215958;0.371003;0.000520;
75.273605;0.369825;0.000503;
75.331200;0.370589;0.000515;
75.388847;0.371739;0.000513;
75.446495;0.366652;0.000531;
75.504089;0.369544;0.000523;
75.561737;0.368121;0.000496;
75.619385;0.369154;0.000535;
75.676979;0.371105;0.000518;
75.734627;0.366522;0.000509;
75.792282;0.368690;0.000520;
75.849884;0.366624;0.000536;
75.907532;0.367264;0.000513;
75.965126;0.370158;0.000519;
76.022774;0.366493;0.000536;
76.080421;0.368628;0.000492;
76.138016;0.365988;0.000479;
76.195663;0.365344;-0.000283;
76.253311;0.368828;-0.004970;
76.310905;0.366134;-0.002704;
76.368553;0.368406;-0.001221;
76.426216;0.366256;-0.000530;
76.483810;0.363952;-0.000084;
76.541458;0.367411;0.000082;
76.599106;0.365266;0.000155;
76.656700;0.367936;0.000297;
76.714348;0.367039;0.000359;
76.771942;0.363319;0.000462;
76.829590;0.366369;0.000488;
76.887238;0.364525;0.000500;
76.944832;0.366709;0.000495;
77.002480;0.367621;0.000478;
77.060143;0.363131;0.000511;
77.117737;0.365419;0.000522;
77.175385;0.363957;0.000489;
77.233032;0.364930;0.000506;
77.290627;0.367428;0.000511;
77.348274;0.363287;0.000506;
77.405922;0.364846;0.000520;
77.463516;0.363688;0.000524;
77.521164;0.362844;0.000528;
77.578758;0.366423;0.000495;
77.636421;0.363573;0.000521;
77.694069;0.364217;0.000514;
77.751663;0.363518;0.000524;
77.809311;0.361049;0.000529;
77.866959;0.364665;0.000503;
77.924553;0.363373;0.000523;
77.982201;0.363361;0.000546;
78.039848;0.363639;0.000519;
78.097443;0.359821;0.000541;
78.155090;0.362564;0.000509;
78.212685;0.362685;0.000509;
78.270348;0.362192;0.000525;
78.327995;0.363581;0.000519;
78.385590;0.359209;0.000523;
78.443237;0.360523;0.000506;
78.500885;0.361523;0.000523;
78.558479;0.360675;0.000509;
78.616127;0.363253;0.000493;
78.673775;0.359416;0.000496;
78.731369;0.358820;0.000509;
78.789017;0.360494;0.000516;
78.846672;0.358873;0.000512;
78.904274;0.362232;0.000485;
78.961922;0.359994;0.000483;
79.019516;0.357516;0.000410;
79.077164;0.359536;-0.005425;
79.134811;0.357564;-0.002568;
79.192406;0.360399;-0.001521;
79.250053;0.360679;-0.000614;
79.307701;0.356667;-0.000016;
79.365295;0.358670;0.000047;
79.422943;0.357070;0.000153;
79.480598;0.357763;0.000247;
79.538200;0.360619;0.000368;
79.595848;0.356753;0.000446;
79.653496;0.357598;0.000453;
79.711090;0.357128;0.000481;
79.768738;0.355395;0.000473;
79.826332;0.359641;0.000486;
79.883980;0.357538;0.000512;
79.941628;0.356215;0.000534;
79.999222;0.357459;0.000521;
80.056870;0.354180;0.000500;
80.114525;0.357532;0.000509;
80.172127;0.358134;0.000502;
80.229774;0.355180;0.000500;
80.287422;0.357221;0.000533;
80.345016;0.354452;0.000515;
80.402664;0.354823;0.000505;
80.460312;0.358050;0.000512;
80.517906;0.355076;0.000517;
80.575554;0.356205;0.000515;
80.633148;0.355188;0.000501;
80.690796;0.352589;0.000503;
80.748451;0.356715;0.000508;
80.806053;0.355425;0.000513;
80.863701;0.354331;0.000530;
80.921349;0.355660;0.000520;
80.978943;0.351637;0.000519;
81.036591;0.353863;0.000531;
81.094238;0.355402;0.000525;
81.151833;0.352510;0.000510;
81.209480;0.354699;0.000503;
81.267136;0.351411;0.000501;
81.324722;0.349828;0.000495;
81.382378;0.353394;0.000512;
81.439980;0.350362;0.000518;
81.497627;0.350678;0.000498;
81.555275;0.349968;0.000505;
81.612869;0.344716;0.000534;
81.670517;0.347292;0.000511;
81.728165;0.345772;0.000522;
81.785759;0.342154;0.000450;
81.843407;0.342791;-0.009077;
81.901062;0.335950;-0.003286;
81.958649;0.333235;-0.001797;
82.016304;0.333270;-0.000678;
82.073906;0.326340;-0.000080;
82.131554;0.323637;-0.000016;
82.189201;0.318029;0.000120;
82.246796;0.308919;0.000243;
82.304443;0.308235;0.000363;
82.362091;0.303724;0.000435;
82.419685;0.302497;0.000473;
82.477333;0.302273;0.000473;
82.534988;0.293812;0.000476;
82.592575;0.302410;0.000496;
82.650230;0.285366;0.000515;
82.707886;0.270274;0.000531;
82.765480;0.265268;0.000500;
82.823128;0.262869;0.000542;
82.880722;0.257714;0.000529;
82.938370;0.261999;0.000505;
82.996017;0.263691;0.000522;
83.053612;0.266823;0.000507;
83.111259;0.274815;0.000524;
83.168915;0.277490;0.000513;
83.226501;0.285551;0.000517;
83.284164;0.295825;0.000523;
83.341812;0.299665;0.000507;
83.399406;0.308188;0.000532;
83.457054;0.313733;0.000526;
83.514702;0.315966;0.000513;
83.572296;0.325193;0.000527;
83.629944;0.327747;0.000534;
83.687538;0.327533;0.000503;
83.745186;0.331439;0.000524;
83.802841;0.327449;0.000527;
83.860428;0.326907;0.000513;
83.918091;0.328320;0.000521;
83.975739;0.320046;0.000510;
84.033333;0.315260;0.000519;
84.090981;0.308901;0.000526;
84.148628;0.297092;0.000533;
84.206223;0.291962;0.000529;
84.263870;0.281311;0.000529;
84.321526;0.266522;0.000536;
84.379112;0.258159;0.000488;
84.436768;0.245248;0.000521;
84.494354;0.235306;0.000489;
84.552017;0.232188;-0.001363;
84.609665;0.225320;-0.003580;
84.667259;0.228502;-0.002060;
84.724907;0.246436;-0.000833;
84.782555;0.242734;-0.000340;
84.840149;0.218880;0.000034;
84.897797;0.209327;0.000085;
84.955452;0.198826;0.000247;
85.013039;0.201046;0.000387;
85.070694;0.204881;0.000411;
85.128296;0.209220;0.000494;
85.185944;0.221128;0.000464;
85.243591;0.228757;0.000470;
85.301186;0.237209;0.000534;
85.358833;0.252430;0.000523;
85.416481;0.262167;0.000516;
85.474075;0.274120;0.000524;
85.531723;0.288304;0.000529;
85.589378;0.293220;0.000543;
85.646965;0.302559;0.000518;
85.704620;0.313205;0.000498;
85.762268;0.316206;0.000503;
85.819870;0.324138;0.000531;
85.877518;0.327869;0.000517;
85.935112;0.325607;0.000504;
85.992760;0.332061;0.000498;
86.050407;0.334044;0.000518;
86.108002;0.332661;0.000529;
86.165649;0.337038;0.000534;
86.223305;0.334158;0.000507;
86.280891;0.332133;0.000495;
86.338547;0.338087;0.000523;
86.396194;0.336322;0.000531;
86.453796;0.334630;0.000512;
86.511444;0.337823;0.000523;
86.569092;0.332795;0.000517;
86.626686;0.334259;0.000535;
86.684334;0.338699;0.000496;
86.741928;0.333871;0.000513;
86.799576;0.334566;0.000520;
86.857231;0.335955;0.000518;
86.914818;0.331479;0.000521;
86.972473;0.336006;0.000511;
87.030121;0.337442;0.000520;
87.087723;0.331895;0.000519;
87.145370;0.334668;0.000504;
87.203018;0.334239;0.000479;
87.260612;0.331325;-0.008474;
87.318260;0.337047;-0.003402;
87.375916;0.335057;-0.001807;
87.433502;0.333127;-0.000584;
87.491158;0.337816;-0.000006;
87.548744;0.342723;0.000161;
87.606400;0.345932;0.000264;
87.664047;0.350547;0.000365;
87.721649;0.351554;0.000443;
87.779297;0.351880;0.000516;
87.836945;0.353431;0.000482;
87.894539;0.355885;0.000501;
87.952187;0.356056;0.000499;
88.009842;0.357558;0.000287;
88.067429;0.358051;-0.001954;
88.125084;0.357372;-0.000865;
88.182732;0.358428;-0.000221;
88.240326;0.360331;0.000063;
88.297974;0.360572;0.000271;
88.355576;0.360709;0.000258;
88.413223;0.360572;0.000436;
88.470871;0.361118;0.000410;
88.528465;0.361482;0.000461;
88.586113;0.362714;0.000476;
88.643768;0.362685;0.000506;
88.701355;0.361225;0.000507;
88.759010;0.361292;0.000504;
88.816658;0.361407;0.000433;
88.874252;0.362116;0.000449;
88.931900;0.361748;0.000496;
88.989502;0.360161;0.000497;
89.047150;0.358963;0.000503;
89.104797;0.359218;-0.001169;
89.162392;0.359181;-0.000507;
89.220039;0.356716;-0.000121;
89.277695;0.355050;0.000235;
89.335281;0.352330;0.000288;
89.392937;0.350422;0.000379;
89.450584;0.350160;0.000441;
89.508179;0.349142;0.000415;
89.565834;0.347334;0.000444;
89.623482;0.344734;0.000483;
89.681076;0.343383;0.000505;
89.738724;0.342848;0.000489;
89.796318;0.342701;0.000499;
89.853966;0.343544;0.000118;
89.911621;0.344462;-0.000206;
89.969208;0.345238;0.000110;
90.026863;0.344043;0.000318;
90.084511;0.344196;0.000409;
90.142105;0.344675;0.000459;
90.199760;0.345650;0.000455;
90.257408;0.345333;0.000478;
90.315002;0.347965;0.000511;
90.372658;0.350857;0.000497;
90.430305;0.352664;0.000505;
90.487900;0.353092;0.000522;
90.545547;0.352984;0.000509;
90.603142;0.354940;0.000496;
90.660789;0.358184;-0.000667;
90.718437;0.358562;-0.002539;
90.776039;0.358570;-0.001072;
90.833687;0.359124;-0.000337;
90.891342;0.359808;0.000050;
90.948929;0.360536;0.000298;
91.006584;0.361952;0.000248;
91.064232;0.360979;0.000404;
91.121826;0.359394;0.000400;
91.179474;0.360438;0.000459;
91.237122;0.361290;0.000507;
91.294716;0.361060;0.000532;
91.352364;0.360950;0.000496;
91.409966;0.360252;0.000400;
91.467613;0.359637;0.000396;
91.525269;0.361071;0.000445;
91.582855;0.361415;0.000478;
91.640511;0.360824;0.000479;
91.698158;0.359960;-0.000005;
91.755753;0.359364;-0.000883;
91.813400;0.359798;-0.000335;
91.871048;0.361841;0.000054;
91.928642;0.361051;0.000290;
91.986290;0.359887;0.000368;
92.043938;0.360195;0.000398;
92.101540;0.360913;0.000461;
92.159195;0.361138;0.000426;
92.216782;0.361940;0.000465;
92.274437;0.362152;0.000479;
92.332085;0.360567;0.000500;
92.389679;0.362717;0.000509;
92.447327;0.368206;0.000520;
92.504974;0.367542;0.000506;
92.562569;0.364412;0.000504;
92.620216;0.365958;0.000537;
92.677864;0.367529;0.000538;
92.735466;0.365849;0.000521;
92.793121;0.366389;0.000515;
92.850708;0.366277;0.000523;
92.908363;0.363321;0.000508;
92.966011;0.364764;0.000537;
93.023605;0.367989;0.000504;
93.081253;0.365397;0.000508;
93.138901;0.363487;0.000526;
93.196495;0.365150;0.000479;
93.254143;0.364049;-0.005889;
93.311790;0.364106;-0.002966;
93.369392;0.366195;-0.001137;
93.427048;0.363843;-0.000445;
93.484695;0.361687;-0.000151;
93.542290;0.364867;-0.000001;
93.599937;0.365211;0.000293;
93.657532;0.363107;0.000326;
93.715179;0.363832;0.000399;
93.772827;0.362949;0.000444;
93.830421;0.361282;0.000507;
93.888069;0.364265;0.000530;
93.945717;0.365103;0.000496;
94.003319;0.361516;0.000531;
94.060974;0.361876;0.000507;
94.118622;0.363241;0.000511;
94.176216;0.361706;0.000505;
94.233864;0.362973;0.000530;
94.291512;0.363459;0.000509;
94.349106;0.359980;0.000524;
94.406754;0.360898;0.000516;
94.464348;0.364070;0.000529;
94.521996;0.362123;0.000525;
94.579643;0.360872;0.000503;
94.637245;0.361823;0.000520;
94.694901;0.359821;0.000535;
94.752548;0.360500;0.000512;
94.810143;0.363563;0.000529;
94.867790;0.361170;0.000513;
94.925438;0.358733;0.000532;
94.983032;0.361188;0.000541;
95.040680;0.360901;0.000540;
95.098328;0.359853;0.000534;
95.155922;0.361319;0.000520;
95.213585;0.359693;0.000505;
95.271172;0.357311;0.000560;
95.328827;0.360591;0.000484;
95.386475;0.361688;0.000523;
95.444069;0.358322;0.000514;
95.501717;0.358510;0.000527;
95.559364;0.359122;0.000520;
95.616959;0.357178;0.000516;
95.674606;0.358959;0.000510;
95.732254;0.360342;0.000497;
95.789848;0.356438;0.000295;
95.847511;0.356316;-0.005473;
95.905098;0.359209;-0.002534;
95.962753;0.357533;-0.001116;
96.020401;0.356529;-0.000238;
96.077995;0.357643;0.000141;
96.135643;0.355077;0.000057;
96.193291;0.354955;0.000350;
96.250885;0.358437;0.000333;
96.308533;0.356959;0.000425;
96.366180;0.353945;0.000491;
96.423782;0.355535;0.000498;
96.481438;0.355446;0.000522;
96.539085;0.354376;0.000511;
96.596680;0.356038;0.000529;
96.654327;0.355099;0.000524;
96.711922;0.352179;0.000524;
96.769569;0.354440;0.000521;
96.827217;0.356285;0.000509;
96.884811;0.353697;0.000533;
96.942459;0.353183;0.000531;
97.000107;0.353836;0.000517;
97.057709;0.352013;0.000536;
97.115364;0.353308;0.000528;
97.173012;0.355355;0.000548;
97.230606;0.352223;0.000518;
97.288254;0.351059;0.000539;
97.345901;0.353871;0.000538;
97.403496;0.353044;0.000542;
97.461143;0.351779;0.000502;
97.518738;0.352937;0.000516;
97.576385;0.351309;0.000526;
97.634033;0.350086;0.000500;
97.691635;0.353225;0.000523;
97.749290;0.353426;0.000536;
97.806938;0.349951;0.000519;
97.864532;0.350536;0.000518;
97.922180;0.351829;0.000524;
97.979828;0.350299;0.000514;
98.037422;0.350923;0.000521;
98.095070;0.351695;0.000513;
98.152718;0.348589;0.000532;
98.210312;0.348927;0.000511;
98.267960;0.352176;0.000524;
98.325562;0.350410;0.000483;
98.383217;0.348125;-0.005003;
98.440865;0.349480;-0.002532;
98.498459;0.348781;-0.001094;
98.556107;0.348065;-0.000355;
98.613754;0.350076;-0.000013;
98.671349;0.349130;0.000012;
98.728996;0.346179;0.000300;
98.786644;0.347999;0.000317;
98.844238;0.349678;0.000411;
98.901886;0.347327;0.000496;
98.959541;0.346725;0.000489;
99.017143;0.347361;0.000494;
99.074791;0.345581;0.000525;
99.132385;0.346442;0.000521;
99.190033;0.348585;0.000521;
99.247681;0.345952;0.000534;
99.305275;0.344119;0.000511;
99.362923;0.346505;0.000509;
99.420570;0.346296;0.000520;
99.478165;0.344858;0.000524;
99.535812;0.345474;0.000524;
99.593468;0.344438;0.000509;
99.651070;0.343034;0.000491;
99.708717;0.345425;0.000520;
99.766312;0.346181;0.000511;
99.823959;0.343185;0.000522;
99.881607;0.342749;0.000528;
99.939201;0.344278;0.000538;
99.996849;0.343272;0.000510;
100.054497;0.343259;0.000516;
100.112091;0.344250;0.000552;
100.169739;0.341907;0.000520;
100.227394;0.341384;0.000524;
100.284996;0.344440;0.000553;
100.342644;0.343786;0.000517;
100.400291;0.341252;0.000530;
100.457886;0.341974;0.000540;
100.515533;0.342243;0.000503;
100.573128;0.341339;0.000522;
100.630775;0.342519;0.000503;
100.688423;0.342743;0.000518;
100.746017;0.340087;0.000518;
100.803665;0.340665;0.000492;
100.861328;0.343223;0.000469;
100.918922;0.341720;-0.004396;
100.976570;0.339900;-0.002239;
101.034218;0.340839;-0.001154;
101.091812;0.340200;-0.000303;
101.149460;0.339798;0.000065;
101.207108;0.341573;0.000038;
101.264702;0.340865;0.000335;
101.322350;0.338386;0.000354;
101.379944;0.339445;0.000401;
101.437592;0.341232;0.000503;
101.495255;0.339540;0.000514;
101.552849;0.338395;0.000513;
101.610497;0.339032;0.000506;
101.668144;0.337840;0.000508;
101.725739;0.338084;0.000508;
101.783386;0.340099;0.000529;
101.841034;0.338345;0.000563;
101.898628;0.336170;0.000533;
101.956276;0.337833;0.000536;
102.013931;0.338481;0.000520;
102.071533;0.337044;0.000528;
102.129181;0.336778;0.000522;
102.186775;0.336625;0.000512;
102.244423;0.335343;0.000529;
102.302071;0.336383;0.000524;
102.359665;0.337978;0.000514;
102.417313;0.335746;0.000514;
102.474960;0.334279;0.000523;
102.532555;0.335960;0.000526;
102.590202;0.335765;0.000519;
102.647858;0.334863;0.000543;
102.705460;0.335134;0.000507;
102.763107;0.334346;0.000536;
102.820755;0.333312;0.000517;
102.878349;0.334955;0.000515;
102.935997;0.335892;0.000511;
102.993591;0.333407;0.000504;
103.051239;0.332586;0.000507;
103.108887;0.334198;0.000528;
103.166481;0.333637;0.000524;
103.224129;0.333106;0.000504;
103.281784;0.333665;0.000517;
103.339386;0.332296;0.000496;
103.397034;0.331780;0.000270;
103.454681;0.333749;-0.004811;
103.512276;0.333944;-0.002326;
103.569923;0.331674;-0.000924;
103.627518;0.331346;-0.000121;
103.685165;0.332648;0.000236;
103.742813;0.332088;0.000192;
103.800407;0.331613;0.000359;
103.858055;0.332093;0.000365;
103.915710;0.330679;0.000415;
103.973312;0.330432;0.000513;
104.030960;0.332375;0.000492;
104.088608;0.332120;0.000508;
104.146202;0.330030;0.000515;
104.203850;0.330104;0.000517;
104.261497;0.331061;0.000514;
104.319092;0.330455;0.000516;
104.376740;0.330105;0.000530;
104.434334;0.330357;0.000509;
104.491982;0.328923;0.000509;
104.549637;0.329031;0.000511;
104.607239;0.330848;0.000539;
104.664886;0.330099;0.000534;
104.722534;0.328143;0.000526;
104.780128;0.328326;0.000508;
104.837776;0.329184;0.000499;
104.895424;0.328512;0.000523;
104.953018;0.328186;0.000540;
105.010666;0.328140;0.000556;
105.068321;0.326741;0.000514;
105.125908;0.327151;0.000529;
105.183563;0.328839;0.000538;
105.241165;0.327743;0.000521;
105.298813;0.325900;0.000539;
105.356461;0.326366;0.000509;
105.414055;0.327153;0.000526;
105.471703;0.326309;0.000520;
105.529350;0.326007;0.000540;
105.586945;0.325964;0.000513;
105.644592;0.324813;0.000506;
105.702248;0.325363;0.000514;
105.759834;0.326758;0.000530;
105.817490;0.325565;0.000514;
105.875137;0.323910;0.000470;
105.932739;0.324763;-0.004406;
105.990387;0.325578;-0.002098;
106.047981;0.324698;-0.001091;
106.105629;0.324205;-0.000215;
106.163277;0.324274;0.000070;
106.220871;0.323341;0.000077;
106.278519;0.323894;0.000353;
106.336174;0.325207;0.000378;
106.393761;0.324081;0.000419;
106.451416;0.322658;0.000491;
106.509071;0.323461;0.000518;
106.566666;0.324503;0.000515;
106.624313;0.323460;0.000524;
106.681961;0.322618;0.000516;
106.739555;0.322927;0.000490;
106.797203;0.322287;0.000520;
106.854797;0.322580;0.000511;
106.912445;0.323474;0.000507;
106.970100;0.322545;0.000520;
107.027687;0.321182;0.000492;
107.085342;0.322208;0.000543;
107.142998;0.323279;0.000535;
107.200592;0.322054;0.000531;
107.258240;0.321050;0.000519;
107.315887;0.321443;0.000520;
107.373482;0.321166;0.000522;
107.431129;0.321156;0.000527;
107.488724;0.321685;0.000526;
107.546371;0.321018;0.000513;
107.604027;0.319695;0.000539;
107.661613;0.320606;0.000514;
107.719276;0.321723;0.000534;
107.776924;0.320417;0.000529;
107.834518;0.319206;0.000530;
107.892166;0.319802;0.000522;
107.949814;0.319880;0.000515;
108.007408;0.319299;0.000518;
108.065056;0.319539;0.000513;
108.122711;0.319183;0.000528;
108.180298;0.317914;0.000516;
108.237953;0.318641;0.000500;
108.295540;0.319990;0.000491;
108.353203;0.318667;0.000453;
108.410851;0.317310;-0.005144;
108.468445;0.318019;-0.002152;
108.526093;0.318613;-0.001147;
108.583740;0.317649;-0.000148;
108.641335;0.317344;0.000194;
108.698982;0.317424;0.000173;
108.756638;0.316577;0.000362;
108.814224;0.316680;0.000395;
108.871880;0.317966;0.000446;
108.929527;0.317186;0.000485;
108.987129;0.315669;0.000509;
109.044777;0.316292;0.000511;
109.102371;0.317474;0.000524;
109.160019;0.316560;0.000498;
109.217667;0.315616;0.000528;
109.275261;0.315985;0.000521;
109.332909;0.315722;0.000533;
109.390564;0.315556;0.000508;
109.448151;0.316339;0.000530;
109.505806;0.315972;0.000532;
109.563454;0.314546;0.000531;
109.621056;0.314996;0.000517;
109.678703;0.316516;0.000505;
109.736351;0.315717;0.000523;
109.793945;0.314318;0.000532;
109.851593;0.314705;0.000523;
109.909187;0.315328;0.000527;
109.966835;0.314622;0.000538;
110.024490;0.314420;0.000532;
110.082077;0.314662;0.000523;
110.139732;0.313622;0.000535;
110.197380;0.313593;0.000530;
110.254982;0.314984;0.000534;
110.312630;0.314657;0.000545;
110.370285;0.312836;0.000522;
110.427872;0.312958;0.000531;
110.485527;0.314404;0.000558;
110.543114;0.313713;0.000528;
110.600769;0.312464;0.000534;
110.658417;0.312622;0.000527;
110.716011;0.312668;0.000503;
110.773659;0.312067;0.000492;
110.831306;0.312431;-0.000686;
110.888908;0.312885;-0.003778;
110.946556;0.311278;-0.001663;
111.004211;0.310938;-0.000525;
111.061798;0.312529;-0.000012;
111.119453;0.312452;0.000255;
111.177101;0.310781;0.000271;
111.234695;0.310478;0.000402;
111.292343;0.311529;0.000369;
111.349937;0.311170;0.000483;
111.407585;0.310225;0.000513;
111.465233;0.310541;0.000483;
111.522835;0.310089;0.000502;
111.580482;0.309440;0.000516;
111.638138;0.310205;0.000525;
111.695724;0.310861;0.000520;
111.753380;0.309287;0.000500;
111.811028;0.308743;0.000519;
111.868622;0.310066;0.000541;
111.926270;0.310233;0.000506;
111.983917;0.308854;0.000542;
112.041512;0.308470;0.000561;
112.099159;0.309164;0.000526;
112.156761;0.308772;0.000552;
112.214409;0.308362;0.000531;
112.272064;0.308960;0.000521;
112.329651;0.308277;0.000511;
112.387306;0.307469;0.000531;
112.444954;0.308196;0.000529;
112.502548;0.309314;0.000540;
112.560196;0.307906;0.000546;
112.617844;0.306945;0.000520;
112.675438;0.308021;0.000517;
112.733086;0.308470;0.000533;
112.790749;0.307364;0.000529;
112.848335;0.306837;0.000520;
112.905991;0.307570;0.000523;
112.963577;0.306964;0.000524;
113.021233;0.306554;0.000508;
113.078880;0.307345;0.000529;
113.136475;0.306909;0.000506;
113.194122;0.305814;0.000501;
113.251770;0.306085;0.000468;
113.309364;0.307488;-0.005079;
113.367012;0.306452;-0.002030;
113.424675;0.305043;-0.001065;
113.482262;0.305693;-0.000040;
113.539917;0.306390;0.000233;
113.597565;0.305465;0.000220;
113.655159;0.304661;0.000394;
113.712807;0.305222;0.000404;
113.770401;0.304611;0.000425;
113.828049;0.304162;0.000473;
113.885696;0.304834;0.000519;
113.943291;0.304794;0.000501;
114.000946;0.303505;0.000530;
114.058601;0.303336;0.000535;
114.116188;0.304773;0.000518;
114.173843;0.304136;0.000535;
114.231491;0.302744;0.000518;
114.289085;0.302803;0.000512;
114.346733;0.303548;0.000528;
114.404327;0.302890;0.000516;
114.461975;0.302261;0.000532;
114.519623;0.302758;0.000549;
114.577217;0.302179;0.000511;
114.634872;0.301715;0.000527;
114.692528;0.302281;0.000551;
114.750114;0.302789;0.000521;
114.807770;0.301482;0.000538;
114.865417;0.300955;0.000523;
114.923012;0.302164;0.000524;
114.980659;0.302298;0.000546;
115.038307;0.300962;0.000526;
115.095901;0.300585;0.000542;
115.153549;0.301605;0.000543;
115.211151;0.301106;0.000543;
115.268799;0.300416;0.000521;
115.326454;0.300845;0.000542;
115.384041;0.300672;0.000544;
115.441696;0.299962;0.000504;
115.499344;0.300209;0.000533;
115.556938;0.301176;0.000515;
115.614586;0.300240;0.000507;
115.672234;0.299247;0.000498;
115.729828;0.299781;-0.004561;
115.787476;0.300720;-0.001936;
115.845123;0.299587;-0.000965;
115.902725;0.298733;-0.000142;
115.960381;0.299518;0.000154;
116.017967;0.299447;0.000223;
116.075623;0.298784;0.000377;
116.133270;0.298719;0.000416;
116.190865;0.298938;0.000425;
116.248512;0.298171;0.000480;
116.306160;0.297909;0.000493;
116.363754;0.298923;0.000504;
116.421402;0.298504;0.000507;
116.479050;0.297288;0.000512;
116.536652;0.297129;0.000524;
116.594307;0.298312;0.000531;
116.651955;0.297598;0.000538;
116.709549;0.296396;0.000520;
116.767197;0.296768;0.000524;
116.824791;0.297072;0.000510;
116.882439;0.296403;0.000519;
116.940086;0.295981;0.000520;
116.997681;0.296494;0.000543;
117.055328;0.295753;0.000519;
117.112976;0.295173;0.000550;
117.170578;0.295744;0.000538;
117.228233;0.296020;0.000544;
117.285881;0.294847;0.000524;
117.343475;0.294118;0.000538;
117.401123;0.295218;0.000549;
117.458771;0.295185;0.000529;
117.516365;0.293867;0.000531;
117.574013;0.293698;0.000526;
117.631607;0.294371;0.000538;
117.689255;0.293973;0.000531;
117.746902;0.293403;0.000513;
117.804504;0.293843;0.000522;
117.862160;0.293541;0.000517;
117.919807;0.292892;0.000524;
117.977402;0.292992;0.000529;
118.035049;0.293814;0.000536;
118.092697;0.293043;0.000499;
118.150291;0.291961;-0.005796;
118.207939;0.292697;-0.002147;
118.265533;0.293224;-0.001016;
118.323181;0.292320;-0.000197;
118.380829;0.291534;0.000064;
118.438431;0.292229;0.000226;
118.496078;0.292198;0.000332;
118.553726;0.291628;0.000410;
118.611328;0.291624;0.000385;
118.668976;0.291830;0.000514;
118.726624;0.291315;0.000501;
118.784210;0.290905;0.000520;
118.841873;0.291640;0.000518;
118.899521;0.291459;0.000520;
118.957108;0.290268;0.000508;
119.014755;0.290211;0.000540;
119.072357;0.291097;0.000548;
119.130005;0.290635;0.000490;
119.187653;0.289507;0.000509;
119.245255;0.289712;0.000519;
119.302902;0.289955;0.000514;
119.360550;0.289405;0.000510;
119.418137;0.288978;0.000512;
119.475800;0.289325;0.000534;
119.533447;0.288837;0.000517;
119.591034;0.288250;0.000537;
119.648697;0.288552;0.000548;
119.706345;0.288744;0.000550;
119.763931;0.287770;0.000519;
119.821579;0.287058;0.000545;
119.879181;0.287849;0.000540;
119.936829;0.287931;0.000532;
119.994476;0.286693;0.000517;
120.052063;0.286342;0.000514;
120.109726;0.286917;0.000539;
120.167374;0.286665;0.000532;
120.224960;0.285915;0.000536;
120.282623;0.286145;0.000525;
120.340271;0.286005;0.000519;
120.397858;0.285427;0.000539;
120.455505;0.285265;0.000542;
120.513168;0.285803;0.000503;
120.570755;0.285278;-0.004804;
120.628403;0.284334;-0.002019;
120.685989;0.284710;-0.000960;
120.743652;0.285100;-0.000166;
120.801300;0.284368;0.000107;
120.858902;0.283616;0.000235;
120.916550;0.283978;0.000392;
120.974197;0.284114;0.000421;
121.031784;0.283574;0.000405;
121.089432;0.283454;0.000485;
121.147095;0.283446;0.000511;
121.204681;0.283212;0.000523;
121.262329;0.282713;0.000481;
121.319916;0.283183;0.000523;
121.377579;0.283090;0.000529;
121.435226;0.282286;0.000508;
121.492828;0.282127;0.000507;
121.550476;0.282770;0.000520;
121.608124;0.282374;0.000524;
121.665710;0.281459;0.000544;
