"Piezo Voltage (V)";"(none) ()";"Fine In 1 (V)";
62.251835;0.300185;0.232264;
62.255505;0.300346;0.232159;
62.259212;0.300357;0.232279;
62.262905;0.299773;0.232550;
62.266598;0.298433;0.232810;
62.270298;0.296863;0.233162;
62.273991;0.296300;0.233790;
62.277676;0.297785;0.234237;
62.281368;0.297755;0.234787;
62.285061;0.296139;0.235442;
62.288761;0.295058;0.236023;
62.292431;0.296957;0.236809;
62.296139;0.298274;0.237495;
62.299831;0.297793;0.238081;
62.303532;0.296800;0.238734;
62.307224;0.298015;0.239330;
62.310917;0.299288;0.239854;
62.314617;0.298347;0.240381;
62.318302;0.296208;0.240741;
62.321995;0.296425;0.241051;
62.325687;0.297333;0.241413;
62.329357;0.295532;0.241607;
62.333080;0.293652;0.241722;
62.336765;0.294940;0.241817;
62.340458;0.296278;0.241949;
62.344151;0.294969;0.241954;
62.347843;0.294635;0.241981;
62.351543;0.296651;0.241994;
62.355228;0.297718;0.242015;
62.358921;0.296310;0.241996;
62.362614;0.295423;0.241974;
62.366291;0.296794;0.242099;
62.370007;0.296330;0.242083;
62.373692;0.293681;0.242244;
62.377384;0.293275;0.242489;
62.381077;0.294849;0.242695;
62.384777;0.293768;0.243023;
62.388470;0.292188;0.243282;
62.392155;0.294097;0.243835;
62.395855;0.295774;0.244351;
62.399548;0.294728;0.244766;
62.403217;0.294096;0.245245;
62.406933;0.295883;0.245936;
62.410618;0.296066;0.246623;
62.414318;0.293814;0.247134;
62.418011;0.292978;0.247729;
62.421703;0.294391;0.248254;
62.425396;0.293004;0.248726;
62.429096;0.290748;0.249145;
62.432781;0.292299;0.249587;
62.436474;0.293615;0.249930;
62.440144;0.292505;0.250122;
62.443859;0.292371;0.250310;
62.447559;0.294716;0.250361;
62.451244;0.294899;0.250388;
62.454937;0.292908;0.250442;
62.458630;0.292889;0.250410;
62.462322;0.294183;0.250217;
62.466022;0.292282;0.249978;
62.469707;0.289991;0.249798;
62.473400;0.291538;0.249666;
62.477085;0.292061;0.249526;
62.480793;0.290047;0.249267;
62.484486;0.290698;0.249051;
62.488171;0.293200;0.248955;
62.491863;0.292946;0.248912;
62.495564;0.291585;0.248876;
62.499256;0.292919;0.248987;
62.502949;0.293719;0.249121;
62.506634;0.291351;0.249339;
62.510319;0.289800;0.249708;
62.514027;0.291553;0.250026;
62.517719;0.290745;0.250432;
62.521412;0.288276;0.250944;
62.525097;0.289907;0.251568;
62.528797;0.291628;0.252012;
62.532490;0.290200;0.252503;
62.536182;0.290178;0.252882;
62.539875;0.292676;0.253224;
62.543560;0.292669;0.253550;
62.547245;0.290293;0.253816;
62.550953;0.290494;0.254090;
62.554646;0.291596;0.254068;
62.558346;0.289097;0.253991;
62.562038;0.287424;0.253788;
62.565723;0.289822;0.253628;
62.569416;0.289550;0.253451;
62.573116;0.287639;0.253150;
62.576809;0.289555;0.252825;
62.580502;0.291652;0.252524;
62.584171;0.290262;0.252146;
62.587879;0.289387;0.251740;
62.591579;0.291280;0.251450;
62.595272;0.290811;0.251233;
62.598965;0.287709;0.251061;
62.602650;0.288070;0.251012;
62.606342;0.289358;0.251022;
62.610043;0.286925;0.251099;
62.613735;0.286259;0.251253;
62.617428;0.289256;0.251566;
62.621105;0.289289;0.251970;
62.624813;0.287728;0.252524;
62.628506;0.289453;0.253069;
62.632198;0.290926;0.253530;
62.635891;0.288783;0.254111;
62.639591;0.287356;0.254575;
62.643276;0.289209;0.255041;
62.646969;0.287856;0.255531;
62.650661;0.284849;0.255926;
62.654362;0.286610;0.256168;
62.658031;0.287986;0.256388;
62.661739;0.285941;0.256466;
62.665432;0.286551;0.256425;
62.669125;0.289282;0.256347;
62.672825;0.288555;0.256165;
62.676517;0.286942;0.256022;
62.680202;0.288531;0.255900;
62.683895;0.288859;0.255640;
62.687588;0.285390;0.255213;
62.691288;0.284872;0.254944;
62.694958;0.287046;0.254690;
62.698666;0.285109;0.254497;
62.702366;0.283645;0.254334;
62.706059;0.286667;0.254099;
62.709751;0.287327;0.253905;
62.713444;0.285540;0.253934;
62.717144;0.286778;0.254075;
62.720829;0.288573;0.254262;
62.724522;0.286367;0.254389;
62.728214;0.284485;0.254689;
62.731884;0.286295;0.255029;
62.735607;0.285268;0.255592;
62.739292;0.282208;0.255956;
62.742985;0.283963;0.256367;
62.746677;0.285431;0.256772;
62.750370;0.283634;0.257181;
62.754070;0.284175;0.257589;
62.757755;0.286806;0.257894;
62.761448;0.285963;0.258121;
62.765141;0.284057;0.258247;
62.768818;0.285595;0.258254;
62.772533;0.285671;0.258271;
62.776218;0.282209;0.258235;
62.779911;0.282078;0.258090;
62.783611;0.284194;0.257825;
62.787304;0.282079;0.257530;
62.790997;0.281099;0.257165;
62.794682;0.284311;0.256815;
62.798382;0.284566;0.256422;
62.802059;0.282769;0.256081;
62.805767;0.284219;0.255609;
62.809460;0.285454;0.255137;
62.813145;0.282803;0.254842;
62.816845;0.281481;0.254518;
62.820538;0.283344;0.254247;
62.824230;0.281473;0.253955;
62.827923;0.279129;0.253891;
62.831608;0.281790;0.253878;
62.835308;0.282573;0.253749;
62.838985;0.280508;0.253746;
62.842693;0.282094;0.253980;
62.846386;0.284384;0.254346;
62.850086;0.282470;0.254436;
62.853771;0.281134;0.254542;
62.857464;0.283001;0.254852;
62.861164;0.281692;0.255084;
62.864857;0.278375;0.255149;
62.868549;0.279937;0.255243;
62.872234;0.280989;0.255356;
62.875912;0.278457;0.255288;
62.879627;0.279532;0.254984;
62.883320;0.282380;0.254817;
62.887012;0.281069;0.254532;
62.890697;0.280067;0.254058;
62.894390;0.282384;0.253534;
62.898090;0.281798;0.252988;
62.901783;0.278434;0.252371;
62.905476;0.279210;0.251658;
62.909161;0.280431;0.251151;
62.912846;0.277099;0.250483;
62.916553;0.277092;0.249712;
62.920246;0.280267;0.249044;
62.923939;0.279147;0.248571;
62.927624;0.278194;0.248052;
62.931324;0.281048;0.247502;
62.935017;0.281166;0.247234;
62.938709;0.278549;0.247078;
62.942410;0.279159;0.246949;
62.946102;0.280025;0.246894;
62.949772;0.276585;0.247002;
62.953480;0.276094;0.247109;
62.957172;0.278772;0.247349;
62.960873;0.276967;0.247540;
62.964565;0.276047;0.247699;
62.968250;0.279509;0.247931;
62.971943;0.279664;0.248032;
62.975636;0.277563;0.247985;
62.979336;0.279104;0.247900;
62.983028;0.279966;0.247852;
62.986698;0.276573;0.247548;
62.990406;0.275901;0.247092;
62.994106;0.278098;0.246709;
62.997799;0.275551;0.246311;
63.001492;0.274362;0.245786;
63.005192;0.277864;0.245047;
63.008869;0.277582;0.244446;
63.012569;0.275871;0.243862;
63.016262;0.278321;0.243233;
63.019955;0.279307;0.242466;
63.023632;0.276195;0.241849;
63.027340;0.276226;0.241345;
63.031033;0.277961;0.240918;
63.034725;0.274588;0.240476;
63.038418;0.273327;0.240084;
63.042118;0.276599;0.239874;
63.045803;0.275328;0.239805;
63.049496;0.274054;0.239708;
63.053188;0.277385;0.239718;
63.056881;0.277799;0.239934;
63.060566;0.275323;0.239986;
63.064266;0.276568;0.240086;
63.067959;0.277703;0.240313;
63.071651;0.274131;0.240453;
63.075352;0.273154;0.240459;
63.079044;0.275655;0.240422;
63.082729;0.273360;0.240376;
63.086430;0.272207;0.240338;
63.090122;0.275783;0.240078;
63.093807;0.275579;0.239611;
63.097492;0.273818;0.239242;
63.101192;0.276243;0.238859;
63.104893;0.276839;0.238436;
63.108585;0.273559;0.237848;
63.112278;0.273619;0.237148;
63.115971;0.275086;0.236427;
63.119671;0.271748;0.235776;
63.123356;0.271063;0.235140;
63.127048;0.274173;0.234546;
63.130718;0.272743;0.233746;
63.134434;0.271886;0.233044;
63.138134;0.275197;0.232554;
63.141819;0.275122;0.232033;
63.145512;0.272497;0.231504;
63.149204;0.273841;0.231171;
63.152897;0.274342;0.230789;
63.156597;0.270580;0.230481;
63.160282;0.270612;0.230217;
63.163975;0.272784;0.230165;
63.167660;0.270021;0.230129;
63.171368;0.269812;0.230014;
63.175060;0.273270;0.229868;
63.178745;0.272295;0.229861;
63.182438;0.270884;0.229651;
63.186138;0.273358;0.229477;
63.189831;0.272941;0.229198;
63.193523;0.269463;0.228958;
63.197208;0.270285;0.228570;
63.200909;0.270816;0.228038;
63.204586;0.267066;0.227442;
63.208294;0.267865;0.226830;
63.211987;0.270468;0.226181;
63.215672;0.268215;0.225238;
63.219372;0.268146;0.224542;
63.223064;0.271001;0.223716;
63.226757;0.269385;0.222774;
63.230450;0.266992;0.221811;
63.234135;0.268753;0.220836;
63.237835;0.267647;0.219980;
63.241512;0.263489;0.219201;
63.245220;0.264696;0.218400;
63.248920;0.265259;0.217595;
63.252613;0.261835;0.216926;
63.256298;0.262932;0.216215;
63.259991;0.264948;0.215716;
63.263691;0.262279;0.215446;
63.267384;0.261375;0.215134;
63.271076;0.262943;0.214796;
63.274761;0.259988;0.214540;
63.278439;0.256176;0.214373;
63.282154;0.257386;0.214198;
63.285847;0.255162;0.214024;
63.289539;0.250923;0.213769;
63.293224;0.252442;0.213486;
63.296917;0.251727;0.213145;
63.300617;0.247928;0.212703;
63.304310;0.248244;0.212152;
63.308002;0.248153;0.211465;
63.311687;0.243800;0.210716;
63.315372;0.240962;0.209977;
63.319080;0.240808;0.209161;
63.322773;0.235868;0.208211;
63.326466;0.231764;0.207247;
63.330166;0.232269;0.206324;
63.333851;0.228609;0.205293;
63.337543;0.225164;0.204354;
63.341236;0.226562;0.203439;
63.344936;0.225190;0.202514;
63.348614;0.222086;0.201713;
63.352306;0.224045;0.200925;
63.356007;0.227489;0.200215;
63.359699;0.219009;0.199693;
63.363400;0.215789;0.199201;
63.367092;0.216190;0.198827;
63.370777;0.214595;0.198601;
63.374470;0.220001;0.198331;
63.378162;0.214385;0.198100;
63.381863;0.204911;0.197960;
63.385540;0.199137;0.197887;
63.389233;0.197357;0.197768;
63.392933;0.193026;0.197541;
63.396633;0.188615;0.197234;
63.400326;0.188917;0.196744;
63.404018;0.188007;0.196381;
63.407719;0.185800;0.196010;
63.411404;0.186178;0.195424;
63.415096;0.186476;0.194673;
63.418789;0.184836;0.194040;
63.422466;0.187747;0.193359;
63.426182;0.190714;0.192499;
63.429867;0.190528;0.191823;
63.433559;0.192700;0.190990;
63.437252;0.196646;0.190073;
63.440945;0.196520;0.189293;
63.444645;0.198091;0.188445;
63.448330;0.203129;0.187676;
63.452023;0.203891;0.187005;
63.455715;0.205995;0.186346;
63.459393;0.212255;0.185732;
63.463108;0.214704;0.185112;
63.466793;0.216570;0.184804;
63.470486;0.222501;0.184413;
63.474178;0.225293;0.184029;
63.477879;0.225277;0.183670;
63.481571;0.229561;0.183548;
63.485256;0.232486;0.183368;
63.488956;0.231507;0.183160;
63.492649;0.235592;0.182930;
63.496319;0.239327;0.182671;
63.500034;0.238754;0.182480;
63.503719;0.242228;0.182214;
63.507420;0.246323;0.181812;
63.511112;0.245290;0.181349;
63.514805;0.245741;0.180928;
63.518497;0.248785;0.180389;
63.522182;0.246427;0.179850;
63.525883;0.244511;0.179142;
63.529575;0.247276;0.178337;
63.533245;0.245053;0.177616;
63.536961;0.242865;0.176969;
63.540661;0.245599;0.176049;
63.544346;0.243951;0.175174;
63.548038;0.240705;0.174487;
63.551739;0.241536;0.173781;
63.555431;0.239187;0.172842;
63.559124;0.233280;0.172061;
63.562809;0.231723;0.171460;
63.566502;0.229082;0.170957;
63.570187;0.222174;0.170411;
63.573895;0.219950;0.169869;
63.577587;0.217642;0.169468;
63.581272;0.211204;0.169152;
63.584965;0.208054;0.168951;
63.588665;0.205676;0.168729;
63.592358;0.198569;0.168529;
63.596050;0.192798;0.168379;
63.599735;0.189835;0.168254;
63.603428;0.182508;0.168055;
63.607121;0.175857;0.167777;
63.610821;0.173701;0.167579;
63.614513;0.167751;0.167259;
63.618198;0.162371;0.166886;
63.621899;0.161326;0.166370;
63.625591;0.157553;0.165865;
63.629284;0.153321;0.165385;
63.632984;0.153037;0.164701;
63.636677;0.151781;0.163953;
63.640354;0.149444;0.163340;
63.644047;0.153211;0.162767;
63.647747;0.161418;0.161925;
63.651447;0.161187;0.161147;
63.655140;0.163901;0.160580;
63.658825;0.161861;0.159993;
63.662518;0.147093;0.159373;
63.666210;0.140854;0.158829;
63.669910;0.138813;0.158322;
63.673603;0.133149;0.158018;
63.677280;0.129877;0.157779;
63.680973;0.130655;0.157656;
63.684681;0.128641;0.157474;
63.688374;0.128686;0.157470;
63.692066;0.132436;0.157675;
63.695751;0.133120;0.157839;
63.699444;0.135257;0.157885;
63.703144;0.140639;0.158075;
63.706837;0.143346;0.158262;
63.710529;0.145932;0.158349;
63.714207;0.151946;0.158317;
63.717915;0.155615;0.158214;
63.721607;0.157808;0.158304;
63.725300;0.164648;0.158196;
63.728992;0.169155;0.157937;
63.732693;0.171915;0.157740;
63.736378;0.179746;0.157495;
63.740070;0.185710;0.157231;
63.743763;0.188969;0.156899;
63.747463;0.196118;0.156566;
63.751133;0.202123;0.156317;
63.754841;0.203940;0.156049;
63.758533;0.209374;0.155848;
63.762226;0.214925;0.155736;
63.765926;0.215268;0.155702;
63.769619;0.219823;0.155624;
63.773304;0.225533;0.155715;
63.776997;0.226300;0.156071;
63.780689;0.230502;0.156497;
63.784389;0.236023;0.156880;
63.788059;0.236311;0.157328;
63.791767;0.237909;0.158042;
63.795467;0.242317;0.158890;
63.799160;0.240993;0.159611;
63.802853;0.240603;0.160399;
63.806545;0.244858;0.161300;
63.810246;0.243354;0.162159;
63.813931;0.243106;0.163077;
63.817623;0.247878;0.164050;
63.821316;0.247435;0.164897;
63.824986;0.246777;0.165907;
63.828709;0.250660;0.167003;
63.832394;0.249846;0.168194;
63.836086;0.246951;0.169320;
63.839779;0.249641;0.170621;
63.843472;0.248617;0.171918;
63.847172;0.245421;0.173063;
63.850857;0.249055;0.173805;
63.854549;0.248946;0.174194;
63.858242;0.246805;0.173991;
63.861912;0.250418;0.173268;
63.865635;0.251230;0.172315;
63.869320;0.248255;0.170990;
63.873013;0.250203;0.169969;
63.876713;0.250417;0.169271;
63.880405;0.246155;0.168776;
63.884098;0.247837;0.168523;
63.887783;0.248846;0.168584;
63.891483;0.245421;0.168914;
63.895168;0.248043;0.169509;
63.898861;0.250009;0.170495;
63.902561;0.247578;0.171566;
63.906246;0.249165;0.172889;
63.909946;0.250898;0.174418;
63.913639;0.247147;0.175732;
63.917332;0.246999;0.176689;
63.921024;0.248815;0.176876;
63.924709;0.244919;0.176135;
63.928410;0.245678;0.174888;
63.932095;0.248540;0.172920;
63.935787;0.246078;0.170811;
63.939495;0.246901;0.168693;
63.943188;0.250030;0.166321;
63.946873;0.247446;0.164085;
63.950565;0.246637;0.162176;
63.954266;0.249093;0.160322;
63.957958;0.245674;0.158375;
63.961651;0.244056;0.156818;
63.965336;0.247174;0.155223;
63.969021;0.244512;0.153620;
63.972721;0.244266;0.152251;
63.976421;0.248149;0.150960;
63.980114;0.246744;0.149655;
63.983799;0.245594;0.148718;
63.987492;0.248564;0.147866;
63.991192;0.246391;0.147101;
63.994884;0.243532;0.146487;
63.998577;0.246475;0.145785;
64.002266;0.244196;0.145316;
64.005951;0.241987;0.145049;
64.009659;0.245804;0.144808;
64.013351;0.244898;0.144594;
64.017044;0.243515;0.144389;
64.020744;0.247137;0.144153;
64.024429;0.246359;0.143863;
64.028122;0.243395;0.143682;
64.031815;0.245870;0.143608;
64.035515;0.244439;0.143376;
64.039207;0.240659;0.143116;
64.042877;0.243884;0.142712;
64.046585;0.243364;0.142258;
64.050278;0.241048;0.141736;
64.053978;0.244702;0.140973;
64.057671;0.244975;0.140072;
64.061356;0.242452;0.139198;
64.065048;0.245005;0.138317;
64.068741;0.244787;0.137294;
64.072441;0.240509;0.136519;
64.076134;0.242578;0.135847;
64.079803;0.242462;0.135273;
64.083511;0.239043;0.134936;
64.087212;0.242051;0.134617;
64.090904;0.242927;0.134347;
64.094597;0.240553;0.134182;
64.098297;0.243290;0.134215;
64.101982;0.244143;0.134386;
64.105675;0.240452;0.134562;
64.109367;0.241673;0.134623;
64.113060;0.242167;0.134779;
64.116737;0.237939;0.134949;
64.120445;0.239785;0.135192;
64.124138;0.240942;0.135402;
64.127831;0.237970;0.135474;
64.131523;0.240741;0.135543;
64.135223;0.242402;0.135416;
64.138908;0.239424;0.135471;
64.142601;0.240494;0.135462;
64.146294;0.241702;0.135427;
64.149986;0.237416;0.135168;
64.153671;0.237974;0.134993;
64.157372;0.239179;0.134870;
64.161064;0.235556;0.134800;
64.164757;0.237407;0.134587;
64.168457;0.239378;0.134359;
64.172150;0.236747;0.134314;
64.175835;0.238053;0.134321;
64.179535;0.239638;0.134270;
64.183228;0.235758;0.134178;
64.186913;0.235610;0.134267;
64.190598;0.236571;0.134532;
64.194298;0.232090;0.134765;
64.197998;0.232555;0.134968;
64.201691;0.234096;0.135342;
64.205383;0.230719;0.135698;
64.209076;0.231617;0.136141;
64.212761;0.233250;0.136570;
64.216461;0.229653;0.137084;
64.220154;0.228712;0.137511;
64.223839;0.229314;0.137902;
64.227524;0.224302;0.138351;
64.231239;0.223077;0.138691;
64.234924;0.223442;0.139036;
64.238617;0.218731;0.139307;
64.242310;0.218733;0.139601;
64.246002;0.219630;0.139744;
64.249702;0.215614;0.139773;
64.253387;0.214816;0.139853;
64.257080;0.215052;0.140033;
64.260765;0.209951;0.140054;
64.264473;0.207978;0.139980;
64.268166;0.208033;0.139926;
64.271851;0.202856;0.139978;
64.275543;0.202094;0.139956;
64.279243;0.202875;0.139929;
64.282936;0.199328;0.139987;
64.286629;0.199620;0.140141;
64.290314;0.201089;0.140302;
64.294014;0.197789;0.140443;
64.297691;0.197803;0.140726;
64.301399;0.199406;0.141066;
64.305092;0.196332;0.141614;
64.308777;0.197629;0.142026;
64.312477;0.200548;0.142543;
64.316170;0.199891;0.143191;
64.319862;0.202330;0.143790;
64.323555;0.205362;0.144384;
64.327240;0.201426;0.144996;
64.330940;0.200578;0.145559;
64.334618;0.201259;0.146058;
64.338326;0.197128;0.146620;
64.342026;0.197252;0.146951;
64.345718;0.198739;0.147331;
64.349403;0.195804;0.147625;
64.353096;0.198255;0.147799;
64.356789;0.201154;0.148030;
64.360489;0.200056;0.148121;
64.364182;0.203109;0.148115;
64.367867;0.206352;0.148251;
64.371544;0.204797;0.148373;
64.375259;0.207225;0.148321;
64.378952;0.209659;0.148363;
64.382645;0.207322;0.148609;
64.386330;0.210559;0.148876;
64.390022;0.213346;0.148958;
64.393723;0.212075;0.149276;
64.397415;0.216032;0.149807;
64.401108;0.219205;0.150369;
64.404793;0.217782;0.150890;
64.408470;0.220733;0.151545;
64.412186;0.222574;0.152291;
64.415878;0.219626;0.153128;
64.419571;0.222144;0.154025;
64.423271;0.223398;0.154736;
64.426956;0.220874;0.155557;
64.430649;0.224536;0.156411;
64.434341;0.226311;0.157154;
64.438042;0.224424;0.157779;
64.441719;0.227563;0.158351;
64.445412;0.228693;0.158871;
64.449112;0.225455;0.159343;
64.452805;0.227625;0.159742;
64.456505;0.227592;0.160080;
64.460197;0.223998;0.160340;
64.463882;0.227031;0.160579;
64.467575;0.227432;0.160950;
64.471268;0.225331;0.161140;
64.474968;0.228788;0.161486;
64.478645;0.229300;0.161645;
64.482338;0.226479;0.161944;
64.486046;0.229054;0.162427;
64.489738;0.228310;0.162834;
64.493431;0.224676;0.163247;
64.497124;0.227312;0.163792;
64.500824;0.226412;0.164503;
64.504509;0.223899;0.165193;
64.508202;0.227510;0.165995;
64.511894;0.227497;0.166886;
64.515572;0.225640;0.167884;
64.519272;0.228812;0.168742;
64.522972;0.227768;0.169519;
64.526665;0.224624;0.170436;
64.530357;0.227149;0.171598;
64.534050;0.225132;0.172441;
64.537750;0.222749;0.173117;
64.541435;0.226180;0.173908;
64.545128;0.224988;0.174549;
64.548820;0.223887;0.175242;
64.552498;0.227542;0.175838;
64.556213;0.226137;0.176374;
64.559898;0.224400;0.176802;
64.563591;0.226976;0.177110;
64.567291;0.224256;0.177549;
64.570984;0.222271;0.177988;
64.574677;0.225026;0.178355;
64.578362;0.222589;0.178690;
64.582062;0.222170;0.178900;
64.585754;0.225681;0.179266;
64.589424;0.223831;0.179670;
64.593140;0.223602;0.180177;
64.596825;0.226471;0.180664;
64.600525;0.223359;0.181168;
64.604218;0.222261;0.181731;
64.607910;0.224220;0.182515;
64.611603;0.220770;0.183266;
64.615288;0.221037;0.184074;
64.618988;0.223748;0.184839;
64.622681;0.221307;0.185832;
64.626350;0.222437;0.186860;
64.630066;0.225010;0.187794;
64.633766;0.221880;0.188617;
64.637451;0.222420;0.189512;
64.641144;0.223747;0.190289;
64.644844;0.219607;0.191058;
64.648537;0.220629;0.191716;
64.652229;0.221928;0.192341;
64.655914;0.218791;0.192870;
64.659607;0.221185;0.193321;
64.663292;0.222941;0.193662;
64.667000;0.220156;0.193985;
64.670692;0.222491;0.194211;
64.674377;0.222890;0.194433;
64.678070;0.218839;0.194590;
64.681770;0.220664;0.194802;
64.685463;0.220266;0.195051;
64.689156;0.217106;0.195223;
64.692841;0.220177;0.195384;
64.696533;0.220283;0.195596;
64.700226;0.218124;0.196073;
64.703926;0.221550;0.196683;
64.707619;0.220959;0.197102;
64.711304;0.218088;0.197640;
64.715004;0.220626;0.198474;
64.718697;0.218586;0.199314;
64.722389;0.215788;0.200209;
64.726089;0.218684;0.201286;
64.729782;0.216927;0.202282;
64.733459;0.215746;0.203062;
64.737152;0.219356;0.204029;
64.740852;0.217534;0.204919;
64.744553;0.216215;0.205671;
64.748245;0.218848;0.206362;
64.751930;0.215423;0.206987;
64.755623;0.213871;0.207476;
64.759315;0.215769;0.207877;
64.763016;0.211921;0.208246;
64.766708;0.211967;0.208435;
64.770386;0.214533;0.208695;
64.774078;0.211458;0.208913;
64.777786;0.212058;0.209073;
64.781479;0.213794;0.209142;
64.785172;0.209442;0.209250;
64.788872;0.209670;0.209449;
64.792549;0.209944;0.209738;
64.796249;0.205188;0.210012;
64.799942;0.206404;0.210423;
64.803635;0.206703;0.210866;
64.807312;0.203243;0.211500;
64.811020;0.205653;0.212238;
64.814713;0.206034;0.213062;
64.818405;0.202369;0.213944;
64.822098;0.204365;0.214861;
64.825798;0.203453;0.216002;
64.829483;0.199424;0.216953;
64.833176;0.201623;0.217962;
64.836868;0.200634;0.218922;
64.840569;0.198498;0.219722;
64.844238;0.202270;0.220391;
64.847946;0.201888;0.221276;
64.851639;0.200409;0.221965;
64.855331;0.204074;0.222417;
64.859032;0.202296;0.222793;
64.862724;0.200770;0.223298;
64.866409;0.203280;0.223623;
64.870110;0.200691;0.223959;
64.873802;0.199399;0.224125;
64.877495;0.202136;0.224296;
64.881165;0.199833;0.224472;
64.884872;0.200284;0.224688;
64.888573;0.203790;0.224858;
64.892265;0.201066;0.225147;
64.895958;0.201226;0.225315;
64.899651;0.203232;0.225643;
64.903336;0.199740;0.226066;
64.907036;0.200791;0.226539;
64.910728;0.202648;0.227025;
64.914421;0.199925;0.227692;
64.918091;0.202774;0.228514;
64.921814;0.205076;0.229249;
64.925499;0.202671;0.229985;
64.929192;0.205647;0.230866;
64.932884;0.206547;0.231782;
64.936577;0.203331;0.232659;
64.940277;0.205859;0.233382;
64.943962;0.205569;0.234011;
64.947655;0.203010;0.234816;
64.951355;0.206608;0.235386;
64.955025;0.206641;0.235849;
64.958740;0.205203;0.236259;
64.962425;0.209174;0.236614;
64.966118;0.208317;0.236874;
64.969818;0.206535;0.236977;
64.973511;0.209409;0.237074;
64.977203;0.206835;0.237156;
64.980888;0.205397;0.237136;
64.984589;0.208412;0.237096;
64.988274;0.206001;0.236944;
64.991966;0.206186;0.236846;
64.995667;0.209844;0.236928;
64.999352;0.207350;0.236903;
65.003052;0.207976;0.236853;
65.006744;0.210155;0.236997;
65.010437;0.206438;0.237274;
65.014130;0.207126;0.237611;
65.017815;0.208092;0.237924;
65.021515;0.204405;0.238467;
65.025200;0.206779;0.239040;
65.028893;0.208174;0.239716;
65.032600;0.205412;0.240394;
65.036293;0.208517;0.241039;
65.039978;0.208741;0.241783;
65.043671;0.205523;0.242397;
65.047363;0.208147;0.242948;
65.051064;0.206681;0.243483;
65.054756;0.203707;0.243776;
65.058441;0.206838;0.244130;
65.062126;0.205378;0.244348;
65.065826;0.204163;0.244436;
65.069527;0.207994;0.244367;
65.073219;0.206110;0.244382;
65.076904;0.205382;0.244231;
65.080597;0.208282;0.244030;
65.084297;0.204747;0.243716;
65.087990;0.204190;0.243508;
65.091682;0.206116;0.243334;
65.095367;0.202621;0.243025;
65.099052;0.203960;0.242773;
65.102760;0.206237;0.242736;
65.106453;0.203349;0.242774;
65.110146;0.205592;0.242841;
65.113846;0.206833;0.242931;
65.117531;0.203120;0.243325;
65.121223;0.205147;0.243828;
65.124916;0.204645;0.244427;
65.128616;0.201133;0.245018;
65.132309;0.204001;0.245669;
65.135979;0.203438;0.246514;
65.139687;0.201581;0.247188;
65.143379;0.205430;0.247875;
65.147079;0.204183;0.248455;
65.150772;0.202464;0.248997;
65.154457;0.205351;0.249363;
65.158150;0.202493;0.249700;
65.161842;0.201252;0.249946;
65.165543;0.203591;0.250038;
65.169235;0.200460;0.249998;
65.172905;0.201014;0.249987;
65.176613;0.203789;0.249905;
65.180313;0.201027;0.249844;
65.184006;0.202630;0.249560;
65.187698;0.204242;0.249397;
65.191399;0.200580;0.249195;
65.195084;0.201950;0.249068;
65.198776;0.201991;0.248933;
65.202469;0.198377;0.248928;
65.206161;0.200977;0.248918;
65.209839;0.201034;0.248987;
65.213547;0.198880;0.249255;
65.217239;0.202427;0.249619;
65.220932;0.201581;0.250133;
65.224625;0.199442;0.250657;
65.228325;0.202151;0.251262;
65.232010;0.199821;0.251952;
65.235703;0.197962;0.252550;
65.239395;0.200449;0.253147;
65.243088;0.197877;0.253873;
65.246765;0.197803;0.254491;
65.250473;0.200945;0.254962;
65.254166;0.198430;0.255299;
65.257866;0.199289;0.255592;
65.261559;0.201218;0.255883;
65.265251;0.197607;0.256023;
65.268936;0.198333;0.256134;
65.272636;0.198939;0.256096;
65.276329;0.195405;0.256014;
65.280022;0.197585;0.255866;
65.283691;0.198266;0.255712;
65.287399;0.195808;0.255466;
65.291100;0.198976;0.255167;
65.294792;0.198738;0.254946;
65.298485;0.196101;0.254691;
65.302177;0.198648;0.254462;
65.305862;0.196565;0.254268;
65.309563;0.194475;0.254066;
65.313255;0.197121;0.254128;
65.316940;0.194928;0.254297;
65.320625;0.194490;0.254474;
65.324341;0.197728;0.254638;
65.328026;0.195505;0.254914;
65.331718;0.195850;0.255283;
65.335419;0.197868;0.255777;
65.339111;0.194257;0.256328;
65.342804;0.194840;0.256764;
65.346489;0.195731;0.257282;
65.350182;0.192293;0.257640;
65.353867;0.194287;0.257882;
65.357574;0.195213;0.258242;
65.361267;0.192886;0.258352;
65.364952;0.195972;0.258445;
65.368645;0.195670;0.258397;
65.372345;0.192874;0.258337;
65.376038;0.195307;0.258086;
65.379730;0.193500;0.257866;
65.383415;0.191439;0.257443;
65.387115;0.194149;0.256890;
65.390793;0.191964;0.256493;
65.394501;0.191657;0.256072;
65.398193;0.194881;0.255599;
65.401878;0.192570;0.255211;
65.405579;0.193005;0.254746;
65.409271;0.194765;0.254366;
65.412964;0.191100;0.254097;
65.416664;0.191897;0.254078;
65.420357;0.192587;0.254022;
65.424042;0.189432;0.254161;
65.427719;0.191841;0.254366;
65.431427;0.192465;0.254723;
65.435127;0.190153;0.255112;
65.438820;0.193281;0.255667;
65.442505;0.192468;0.256192;
65.446198;0.190218;0.256658;
65.449890;0.192557;0.257088;
65.453590;0.190163;0.257430;
65.457283;0.188799;0.257676;
65.460968;0.191360;0.257911;
65.464645;0.189180;0.258041;
65.468361;0.189566;0.257917;
65.472054;0.192288;0.257808;
65.475746;0.189679;0.257455;
65.479431;0.190607;0.257178;
65.483124;0.191606;0.256969;
65.486824;0.188259;0.256500;
65.490517;0.189458;0.256037;
65.494209;0.189431;0.255528;
65.497910;0.186858;0.255159;
65.501579;0.189570;0.254796;
65.505287;0.189630;0.254512;
65.508980;0.187643;0.254180;
65.512672;0.190777;0.254108;
65.516373;0.189234;0.254078;
65.520058;0.187582;0.254221;
65.523750;0.189482;0.254406;
65.527443;0.186781;0.254796;
65.531143;0.186269;0.255366;
65.534836;0.188514;0.255820;
65.538506;0.186124;0.256306;
65.542213;0.187179;0.257055;
65.545906;0.189333;0.257673;
65.549606;0.186547;0.258084;
65.553299;0.187799;0.258463;
65.556984;0.188009;0.258855;
65.560677;0.184932;0.259173;
65.564369;0.186512;0.259341;
65.568069;0.185981;0.259350;
65.571762;0.183951;0.259428;
65.575432;0.186850;0.259403;
65.579147;0.186300;0.259208;
65.582840;0.184943;0.258913;
65.586533;0.187575;0.258705;
65.590225;0.185434;0.258467;
65.593910;0.184364;0.258237;
65.597610;0.186079;0.257813;
65.601303;0.183298;0.257488;
65.604996;0.183249;0.257233;
65.608688;0.185236;0.257091;
65.612373;0.182990;0.256916;
65.616074;0.184359;0.256736;
65.619766;0.185772;0.256750;
65.623459;0.183104;0.256970;
65.627151;0.184604;0.257137;
65.630852;0.184119;0.257432;
65.634537;0.181255;0.257838;
65.638229;0.183231;0.258368;
65.641922;0.182481;0.258782;
65.645599;0.180784;0.259198;
65.649315;0.183673;0.259685;
65.653000;0.182696;0.260100;
65.656693;0.181766;0.260435;
65.660393;0.184129;0.260686;
65.664085;0.181456;0.260861;
65.667778;0.180851;0.260921;
65.671463;0.182291;0.260961;
65.675163;0.179612;0.260913;
65.678856;0.180109;0.260683;
65.682526;0.181818;0.260322;
65.686241;0.179704;0.260119;
65.689926;0.181489;0.259726;
65.693626;0.182379;0.259139;
65.697319;0.179992;0.258642;
65.701012;0.181743;0.258195;
65.704704;0.180969;0.257721;
65.708389;0.178843;0.257186;
65.712090;0.180701;0.256714;
65.715782;0.179593;0.256504;
65.719452;0.178770;0.256235;
65.723175;0.181335;0.256067;
65.726868;0.179902;0.256105;
65.730553;0.179461;0.256291;
65.734245;0.181051;0.256523;
65.737938;0.178523;0.256736;
65.741638;0.178687;0.257150;
65.745331;0.179222;0.257700;
65.749016;0.211583;0.258076;
65.752708;0.213310;0.258334;
65.756393;0.214047;0.258722;
65.760101;0.212150;0.258997;
65.763794;0.212616;0.259130;
65.767479;0.211247;0.259223;
65.771172;0.212278;0.259117;
65.774872;0.212329;0.258987;
65.778564;0.212254;0.258755;
65.782257;0.212864;0.258424;
65.785942;0.211407;0.258036;
65.789635;0.212053;0.257525;
65.793320;0.210692;0.256923;
65.797028;0.210357;0.256405;
65.800720;0.211033;0.255853;
65.804420;0.210130;0.255313;
65.808105;0.211596;0.254850;
65.811798;0.211356;0.254439;
65.815491;0.210796;0.254116;
65.819191;0.211304;0.253949;
65.822884;0.209694;0.253885;
65.826569;0.209669;0.253875;
65.830246;0.209814;0.254161;
65.833954;0.208757;0.254563;
65.837654;0.209959;0.254942;
65.841347;0.210009;0.255449;
65.845032;0.209459;0.255989;
65.848724;0.210735;0.256589;
65.852417;0.209427;0.257150;
65.856117;0.209150;0.257522;
65.859810;0.209124;0.257748;
65.863495;0.207777;0.258098;
65.867172;0.208300;0.258336;
65.870888;0.208567;0.258387;
65.874580;0.207895;0.258316;
65.878273;0.209289;0.258186;
65.881973;0.209008;0.257961;
65.885658;0.208296;0.257736;
65.889351;0.208916;0.257468;
65.893044;0.207422;0.257102;
65.896736;0.207048;0.256709;
65.900421;0.207514;0.256436;
65.904114;0.206675;0.256051;
65.907814;0.207238;0.255716;
65.911507;0.208090;0.255404;
65.915199;0.207106;0.255395;
65.918900;0.208150;0.255277;
65.922585;0.207656;0.255305;
65.926277;0.206679;0.255429;
65.929970;0.207050;0.255631;
65.933662;0.206106;0.255923;
65.937340;0.205499;0.256434;
65.941048;0.206451;0.256965;
65.944740;0.205991;0.257424;
65.948433;0.206196;0.257765;
65.952133;0.207228;0.258331;
65.955826;0.206124;0.258873;
65.959511;0.206397;0.259307;
65.963211;0.206017;0.259587;
65.966904;0.204765;0.259817;
65.970596;0.205057;0.259927;
65.974266;0.204907;0.259901;
65.977974;0.204307;0.259919;
65.981674;0.205495;0.259806;
65.985367;0.205437;0.259639;
65.989059;0.204901;0.259370;
65.992752;0.205732;0.258986;
65.996437;0.204578;0.258501;
66.000137;0.204196;0.258081;
66.003830;0.204315;0.257647;
